priority,name,category,area,instagram_handle,approx_followers,why_fit,menu_has_photos,recent_opening,source_url,notes
A,RARE Steakhouse,Steakhouse / premium grill,"MM Alam Rd, Gulberg (rooftop, Gulberg Galleria)",,,Wagyu-focused steakhouse per source; premium cuts are exactly the 'how big is the cut' moment AR answers.,unknown,unknown,https://www.reservekaru.com/blog/7-best-steakhouses-in-lahore-2026-menu-prices-details,"Listicle-sourced; confirm still open, current address and owner before visiting (Needs Abdullah)."
A,Cafe Zouk,Fine dining / steakhouse,"MM Alam Rd, Gulberg",,,"Sits in both the steakhouse and fine-dining source lists (ribeye/fillet/lamb steaks, Continental-Pan Asian-seafood menu) — dramatic plates, established brand.",unknown,unknown,https://www.reservekaru.com/blog/7-best-steakhouses-in-lahore-2026-menu-prices-details,"Listicle-sourced; confirm still open, current address and owner before visiting (Needs Abdullah). Also listed as a fine-dining benchmark by a second source."
A,Salt'n Pepper,Steakhouse / premium grill,"MM Alam Rd, Gulberg (flagship)",,,"Long-standing charcoal-grill brand on MM Alam Rd — established following, visually strong grilled plates.",unknown,unknown,https://www.reservekaru.com/blog/7-best-steakhouses-in-lahore-2026-menu-prices-details,"Listicle-sourced; confirm still open, current address and owner before visiting (Needs Abdullah)."
A,Gaia,Fine dining / Pan-Asian,,,,"Described as premium Pan-Asian with theatrical teppanyaki grills and dark, moody luxury interior — a hero-dish moment AR can extend to the table.",unknown,unknown,https://www.reservekaru.com/blog/top-10-best-rooftop-restaurants-in-lahore-book-now,"Area not stated in source — verify address. Listicle-sourced; confirm still open, current address and owner before visiting (Needs Abdullah)."
A,The Skye,Fine dining / rooftop,"Gulberg III (18th floor, Indigo Hotel)",,,"Billed as Lahore's highest rooftop dining destination with 360-degree skyline views — premium experience spend, owner likely to see AR as the same category.",unknown,unknown,https://www.reservekaru.com/blog/top-10-best-rooftop-restaurants-in-lahore-book-now,"Listicle-sourced; confirm still open, current address and owner before visiting (Needs Abdullah). Same area as the pilot restaurant (Gulberg III) but a different business, not the pilot restaurant."
A,El Momento Steakhouse,Steakhouse / premium grill,"MM Alam Rd, Gulberg 2",,,"Tops multiple 2026 steakhouse rankings; imported aged beef cuts, sophisticated ambiance — same category as the pilot dish (steak board).",unknown,unknown,https://www.reservekaru.com/blog/7-best-steakhouses-in-lahore-2026-menu-prices-details,"Also appears in sales-kit.md section 1 research list; cross-check before outreach. Listicle-sourced; confirm still open, current address and owner before visiting (Needs Abdullah)."
A,Cafe Aylanto,Fine dining / Mediterranean,MM Alam Rd,,,Long-running benchmark for upscale Mediterranean dining in Lahore — brand-conscious owner likely to value a tasteful AR menu over a gimmick.,unknown,unknown,https://peonyeventsplanner.com.pk/blog/mm-alam-road-restaurants/,"Also appears in sales-kit.md section 1 research list; cross-check before outreach. Listicle-sourced; confirm still open, current address and owner before visiting (Needs Abdullah)."
A,Sikomoro,Fine dining / new opening,,,,New poolside dining spot with French/Italian/continental plates and an in-house bakery — pre-launch or early menu means no legacy PDF to fight.,unknown,yes,https://padelcafe.pk/blogs/best-new-restaurants-in-lahore,"Exact area not confirmed in source — verify. Listicle-sourced; confirm still open, current address and owner before visiting (Needs Abdullah)."
A,Olive Fork,New opening,Bahria Town Lahore (opposite Grand Masjid),,,Recently opened per source — early-days restaurants are the easiest 'yes' before their menu is printed.,unknown,yes,https://padelcafe.pk/blogs/best-new-restaurants-in-lahore,"Listicle-sourced; confirm still open, current address and owner before visiting (Needs Abdullah)."
A,Andaaz,Fine dining / heritage rooftop,"Fort Road, near Badshahi Mosque",,,"Rooftop Pakistani fine dining combining heritage setting with plated food — visually strong, tourist and status-dining crowd.",unknown,unknown,https://www.reservekaru.com/blog/top-10-best-rooftop-restaurants-in-lahore-book-now,"Listicle-sourced; confirm still open, current address and owner before visiting (Needs Abdullah)."
A,Arizona Grill,Steakhouse / grill,Bahria Town,,,"Steaks, burgers and grilled sandwiches in a newer commercial area with less marketing-tech saturation, per sales-kit area logic.",unknown,unknown,https://www.zameen.com/blog/best-restaurants-bahria-town-lahore.html,"Listicle-sourced; confirm still open, current address and owner before visiting (Needs Abdullah)."
A,Spice Bazaar,Fine dining / Pakistani,,,,"Established Pakistani fine-dining name (has its own Wikipedia page) — status-dining crowd, plated hero dishes.",unknown,unknown,https://en.wikipedia.org/wiki/Spice_Bazaar_(restaurant),"Also appears in sales-kit.md section 1 research list; cross-check before outreach. Area not confirmed in source — verify. Listicle-sourced; confirm still open, current address and owner before visiting (Needs Abdullah)."
A,Bangkok Steakhouse,Steakhouse / premium grill,Gulberg,,,Local favourite for generous grilled portions and marinades — the portion-size question AR is built to answer.,unknown,unknown,https://www.reservekaru.com/blog/7-best-steakhouses-in-lahore-2026-menu-prices-details,"Listicle-sourced; confirm still open, current address and owner before visiting (Needs Abdullah)."
A,Xander's,Steakhouse / premium casual grill,"MM Alam Rd, Gulberg",,,Casual-upscale steaks and grilled meats on MM Alam Rd — fits premium casual grill category directly.,unknown,unknown,https://www.reservekaru.com/blog/7-best-steakhouses-in-lahore-2026-menu-prices-details,"Listicle-sourced; confirm still open, current address and owner before visiting (Needs Abdullah)."
A,Promenade,Photogenic cafe / new opening,,,,"Reported as Pakistan's first Bridgerton-themed cafe in Lahore — high novelty and photo appeal, natural fit for an AR menu as a launch story.",unknown,yes,https://wow360.pk/pakistans-first-bridgerton-themed-cafe-to-open-in-lahore/,"Area not stated in source — verify. Listicle-sourced; confirm still open, current address and owner before visiting (Needs Abdullah)."
A,Mystique Restaurant,Fine dining,,,,"Self-described upscale spot blending continental, Asian and Pakistani dishes, positioned for corporate dinners and special occasions — experience-spend owner.",unknown,unknown,https://mystiquerestaurants.com/2025/06/20/top-10-best-restaurants-in-lahore/,"Area not confirmed in an independent source — verify. Listicle-sourced; confirm still open, current address and owner before visiting (Needs Abdullah)."
B,Dahlia Nursery + Cafe,Photogenic cafe,,,,Plant-filled nursery-cafe aesthetic — guests already photograph the space; natural extension to photograph/AR the dish too.,unknown,unknown,https://www.reservekaru.com/blog/the-gen-z-guide-6-insanely-aesthetic-hangout-spots-in-lahore-2026,"Area not stated in source — verify. Listicle-sourced; confirm still open, current address and owner before visiting (Needs Abdullah)."
B,Cafe Forest 14,Photogenic cafe,,,,"""Bali in Lahore"" indoor-forest theme built for sunset photography — strong Instagram-first crowd.",unknown,unknown,https://www.reservekaru.com/blog/the-gen-z-guide-6-insanely-aesthetic-hangout-spots-in-lahore-2026,"Area not stated in source — verify. Listicle-sourced; confirm still open, current address and owner before visiting (Needs Abdullah)."
B,Bistro Noir,Photogenic cafe,,,,"Monochrome, minimalist-luxury styling described as a deliberate design statement — brand-conscious owner.",unknown,unknown,https://www.reservekaru.com/blog/the-gen-z-guide-6-insanely-aesthetic-hangout-spots-in-lahore-2026,"Area not stated in source — verify. Listicle-sourced; confirm still open, current address and owner before visiting (Needs Abdullah)."
B,Yanu,Photogenic cafe / poolside,,,,Described as a Pinterest-style poolside spot for brunch and evening photoshoots — guests are already in a photograph-the-food mindset.,unknown,unknown,https://www.reservekaru.com/blog/the-gen-z-guide-6-insanely-aesthetic-hangout-spots-in-lahore-2026,"Area not stated in source — verify. Listicle-sourced; confirm still open, current address and owner before visiting (Needs Abdullah)."
B,Meet Me In Paris,Photogenic cafe,,,,Floral facade described as one of the most photographed cafe entrances in Lahore — proof guests already stop to photograph before they order.,unknown,unknown,https://www.reservekaru.com/blog/the-gen-z-guide-6-insanely-aesthetic-hangout-spots-in-lahore-2026,"Area not stated in source — verify. Listicle-sourced; confirm still open, current address and owner before visiting (Needs Abdullah)."
B,COMO Museum of Art Cafe,Photogenic cafe / gallery,,,,"Cafe inside an art museum, modern architecture — audience already primed for a considered visual experience.",unknown,unknown,https://www.reservekaru.com/blog/the-gen-z-guide-6-insanely-aesthetic-hangout-spots-in-lahore-2026,"Area not stated in source — verify. Listicle-sourced; confirm still open, current address and owner before visiting (Needs Abdullah)."
B,Deja by Khadija,Photogenic dessert cafe,,,,"Pink-and-white dessert cafe described as ""every corner is picture-perfect"" — decorated cakes are a hero-dish candidate.",unknown,unknown,https://www.reservekaru.com/blog/the-gen-z-guide-6-insanely-aesthetic-hangout-spots-in-lahore-2026,"Area not stated in source — verify. Listicle-sourced; confirm still open, current address and owner before visiting (Needs Abdullah)."
B,Sweet Affairs,Photogenic cafe / dessert,Gulberg + DHA,,,"Whimsical, pastel decor since 2011; skillet-cookie dessert is a shareable, photogenic hero item.",unknown,unknown,https://www.reservekaru.com/blog/the-gen-z-guide-6-insanely-aesthetic-hangout-spots-in-lahore-2026,"Also appears in sales-kit.md section 1 research list; cross-check before outreach. Listicle-sourced; confirm still open, current address and owner before visiting (Needs Abdullah)."
B,The Urban Eatery,Photogenic cafe / casual dining,DHA,,,Listed among Lahore's aesthetic hangout spots — established Instagram-forward brunch crowd.,unknown,unknown,https://www.reservekaru.com/blog/the-gen-z-guide-6-insanely-aesthetic-hangout-spots-in-lahore-2026,"Also appears in sales-kit.md section 1 research list; cross-check before outreach. Listicle-sourced; confirm still open, current address and owner before visiting (Needs Abdullah)."
B,English Tea House,Photogenic cafe / breakfast,Gulberg + DHA,,,"Listed among Lahore's aesthetic hangout spots for breakfast — photogenic plating, brunch crowd.",unknown,unknown,https://www.reservekaru.com/blog/the-gen-z-guide-6-insanely-aesthetic-hangout-spots-in-lahore-2026,"Also appears in sales-kit.md section 1 research list; cross-check before outreach. Listicle-sourced; confirm still open, current address and owner before visiting (Needs Abdullah)."
B,Sweet Tooth,Dessert cafe,Mall 1,,,"Described as one of the newest Instagrammable dessert spots in town, with wall art and a cozy setting built for photos.",unknown,yes,https://visitlahore.com/best-dessert-places-in-lahore/,"Listicle-sourced; confirm still open, current address and owner before visiting (Needs Abdullah)."
B,Layers - Bakeshop,Dessert / bakery,,,,"Affordable cupcakes, cakes and sundaes (Galaxy Sundae, salted caramel cake called out by name) — visual, shareable desserts.",unknown,unknown,https://visitlahore.com/best-dessert-places-in-lahore/,"Area not stated in source — verify. Listicle-sourced; confirm still open, current address and owner before visiting (Needs Abdullah)."
B,Dessert Directory,Dessert / boutique bakery,,,,"French-inspired boutique dessert shop aggregating home-based bakers — novelty, photogenic packaging.",unknown,unknown,https://visitlahore.com/best-dessert-places-in-lahore/,"Area not stated in source — verify. Listicle-sourced; confirm still open, current address and owner before visiting (Needs Abdullah)."
B,Freddy's Cafe,Premium casual / continental,Johar Town,,,Stylish continental dining known for pastas and steaks — premium casual fit outside the Gulberg/DHA cluster.,unknown,unknown,https://marketrates.pk/best-restaurants-in-johar-town-lahore/,"Listicle-sourced; confirm still open, current address and owner before visiting (Needs Abdullah)."
B,FiLLi Cafe,Cafe / tea chain,Johar Town (and other Lahore branches),,,"Known for a signature Zafran Chai and a strong local following — large audience, worth checking whether the printed menu is text-only.",unknown,unknown,https://fillicafe.com/stores/pakistan/lahore/johar-town-lahore,"Multi-branch chain — check who can approve a paid pilot locally before pitching. Listicle-sourced; confirm still open, current address and owner before visiting (Needs Abdullah)."
C,Howdy,Steakhouse / premium casual,Johar Town,,,"Described as a premium, cowboy-themed steakhouse for burgers and steaks — verify it is not primarily a fast-food/burger operation before pitching.",unknown,unknown,https://marketrates.pk/best-restaurants-in-johar-town-lahore/,"Listicle-sourced; confirm still open, current address and owner before visiting (Needs Abdullah)."
C,Ranchers,Steakhouse / grill,Johar Town,,,Described as a meat-lovers spot for grilled steaks in a rustic setting.,unknown,unknown,https://marketrates.pk/best-restaurants-in-johar-town-lahore/,"Listicle-sourced; confirm still open, current address and owner before visiting (Needs Abdullah)."
C,Double Shot Coffee,Cafe / coffee,DHA Phase 6,,,Coffee-forward modern cafe in the DHA Phase 6 cluster — good for a single-afternoon walk with other DHA prospects.,unknown,unknown,https://padelcafe.pk/blogs/best-cafes-in-dha-phase-6-lahore,"Listicle-sourced; confirm still open, current address and owner before visiting (Needs Abdullah)."
C,Kickstart Cafe,Cafe,DHA Phase 6,,,Positively reviewed neighbourhood cafe in the DHA Phase 6 cluster.,unknown,unknown,https://padelcafe.pk/blogs/best-cafes-in-dha-phase-6-lahore,"Listicle-sourced; confirm still open, current address and owner before visiting (Needs Abdullah)."
C,Chai Hujra,Cafe / evening venue,DHA Phase 5,,,Nightly live-music tea venue in DHA Phase 5 — verify it has a plated food menu (not just tea/snacks) before treating as an AR-menu fit.,unknown,unknown,https://padelcafe.pk/blogs/best-cafes-in-dha-phase-6-lahore,"Listicle-sourced; confirm still open, current address and owner before visiting (Needs Abdullah)."
C,Kudo's Caff,Cafe,Johar Town,,,Trendy neighbourhood cafe for casual meetups and coffee.,unknown,unknown,https://marketrates.pk/best-restaurants-in-johar-town-lahore/,"Listicle-sourced; confirm still open, current address and owner before visiting (Needs Abdullah)."
C,Buqayvia Restaurant,Casual dining / Pakistani-continental,Johar Town,,,Family-casual Pakistani/continental spot — screen for table service and a hero dish before pitching.,unknown,unknown,https://marketrates.pk/best-restaurants-in-johar-town-lahore/,"Listicle-sourced; confirm still open, current address and owner before visiting (Needs Abdullah)."
C,Chaye Qawali,Cafe / tea,Johar Town,,,Tea-focused cafe with a vibrant atmosphere — check whether food menu has a strong-enough hero dish for AR.,unknown,unknown,https://marketrates.pk/best-restaurants-in-johar-town-lahore/,"Listicle-sourced; confirm still open, current address and owner before visiting (Needs Abdullah)."
C,Al-Nakhal Arabian Cuisine,Restaurant / Arabian,Johar Town,,,Arabian cuisine (mandi/platter-style dishes tend to be visually dramatic and shareable) — worth a screen visit.,unknown,unknown,https://marketrates.pk/best-restaurants-in-johar-town-lahore/,"Listicle-sourced; confirm still open, current address and owner before visiting (Needs Abdullah)."
C,The Lost Tribe,Casual dining / Pakistani,Model Town,,,Described as blending tradition with modern culinary presentation — Model Town referral cluster per sales-kit area logic.,unknown,unknown,https://evendo.com/locations/pakistan/lahore/model-town/best-restaurants,"Listicle-sourced; confirm still open, current address and owner before visiting (Needs Abdullah)."
C,Model Town Club,Restaurant / club dining,Model Town,,,"BBQ, kebabs and an international menu inside a members' club — check decision-maker access (club vs. owner-operator) before pitching.",unknown,unknown,https://modeltownclub.com/explore-the-best-food-place-in-lahore-at-the-model-town-club/,"Listicle-sourced; confirm still open, current address and owner before visiting (Needs Abdullah)."
C,Cafe Grand,Fine dining / gourmet casual,"Bahria Town (Sector B, Bahria Grand Hotel)",,,"Called the best casual-gourmet spot in Bahria Town in one source — hotel-based, so confirm who actually decides on a paid pilot.",unknown,unknown,https://www.zameen.com/blog/best-restaurants-bahria-town-lahore.html,"Listicle-sourced; confirm still open, current address and owner before visiting (Needs Abdullah)."
C,Mei Kong,Fine dining / Chinese-Asian,Bahria Town (Sector C Commercial),,,"Described as upscale Chinese/Asian dining — newer commercial area, less marketing-tech saturation.",unknown,unknown,https://www.zameen.com/blog/best-restaurants-bahria-town-lahore.html,"Listicle-sourced; confirm still open, current address and owner before visiting (Needs Abdullah)."
C,The Monal,Rooftop / multi-cuisine,Bahria Town,,,Rooftop view dining (Pakistani/Chinese/continental) — check for a hero dish worth an AR scan.,unknown,unknown,https://www.zameen.com/blog/best-restaurants-bahria-town-lahore.html,"Listicle-sourced; confirm still open, current address and owner before visiting (Needs Abdullah)."
C,Ginsoy,Fine dining / Chinese-Thai,Bahria Town,,,Asian cuisine spot called out as a strong option in Bahria Town.,unknown,unknown,https://www.zameen.com/blog/best-restaurants-bahria-town-lahore.html,"Listicle-sourced; confirm still open, current address and owner before visiting (Needs Abdullah)."
C,Waleed's Kitchen,New opening,PIA Road,,,"Reported as a new food spot on PIA Road — category and hero dish unconfirmed, screen before pitching.",unknown,yes,https://padelcafe.pk/blogs/best-new-restaurants-in-lahore,"Listicle-sourced; confirm still open, current address and owner before visiting (Needs Abdullah)."
C,Chow Ming,Casual dining / multi-branch,"DHA Phase 4, Bahria Town, Johar Town",chowmingpk,,"Multi-branch casual chain with an active Instagram presence — per screening criteria, multi-branch chains are a slower first-90-days approval, so treat as a later-stage lead.",unknown,unknown,https://www.instagram.com/chowmingpk/?hl=en,Also appears in sales-kit.md section 1 research list; cross-check before outreach. Deprioritised per sales-kit screening criteria (multi-branch approval chain).
C,Meat The Cheese,Casual dining / grill,Gulberg,,,Listed among Gulberg's dine-in destinations — verify current hero dish and table-service format.,unknown,unknown,https://elmomento.pk/top-restaurants-in-lahore-gulberg/,"Also appears in sales-kit.md section 1 research list; cross-check before outreach. Listicle-sourced; confirm still open, current address and owner before visiting (Needs Abdullah)."
C,The Brasserie,Casual dining,Gulberg,,,Listed among Gulberg's dine-in destinations — verify current concept and menu format.,unknown,unknown,https://elmomento.pk/top-restaurants-in-lahore-gulberg/,"Also appears in sales-kit.md section 1 research list; cross-check before outreach. Listicle-sourced; confirm still open, current address and owner before visiting (Needs Abdullah)."
