"n","day","date","weekday","time","id","pillar","audience","format","slides","caption","hashtags","alt_text","note","slide_headlines"
"1","1","2026-10-05","Mon","20:30","dish-drop-1-steak-board","see-it-first","diners","carousel","3","Dish drop is a weekly thing now on this page. Weekly-drop energy, minus the countdown panic: one real scan, out in the open, every week.

This week: the steak board. No diagonal camera angle, no zoom quietly lying to you about size.

Share karoge ya akele rakhoge?","#menva #lahorefood #lahorefoodies #dishdrop","Dish drop week 1: a real steak board scanned in 3D.","","One plate. Whole spotlight. This week only. | The steak board. No angles. No lies. | Share it, or keep it to yourself?"
"2","2","2026-10-06","Tue","20:30","dish-drop-2-sandwich","see-it-first","diners","single","1","Week 2 on the pass: the steak sandwich, stacked exactly the way it lands on your table.

One question before you order: whole lunch, or shared starter? Fight about it in the comments.","#menva #lahorefood #lahorefoodies #dishdrop","Dish drop week 2: a real steak sandwich scanned in 3D.","","One person's lunch, or two people's starter?"
"3","3","2026-10-07","Wed","20:30","dish-drop-3-green-plate","see-it-first","diners","single","1","Dish drop, week 3: the green plate. Look at that colour before you say anything.

Rate it out of 10. Decimals allowed if you're that person.","#menva #lahorefood #lahorefoodies #dishdrop","Dish drop week 3: the green plate, a real dish scanned in 3D.","","Out of 10. No half marks."
"4","4","2026-10-08","Thu","20:30","dish-drop-4-trio","see-it-first","diners","single","1","Dish drop, week 4: the trio, lined up, real size, no crop trick making it look bigger than it is.

Tag the two people this is going straight to. Only two, choose wisely.","#menva #lahorefood #lahorefoodies #dishdrop","Dish drop week 4: the trio, three real dishes scanned in 3D.","","Three of them. Tag exactly two people."
"5","5","2026-10-09","Fri","20:30","sight-test-1","menu-truth","diners","carousel","3","Food vloggers taste-test after they've already paid. We do the sight test before you order anything.

Read the menu line, picture the size in your head, then swipe and see how wrong you were.

Pehle andaza lagao, phir dekho, bas honest rehna.

Comment ""close"" or ""way off"". No in-between.","#menva #lahorefood #lahorefoodies #sighttest","The sight test: guess the size from the menu line, then see the real steak sandwich.","","Everyone taste-tests after. We sight-test first. | Guess the size. No peeking. | Real size. How far off were you?"
"6","6","2026-10-10","Sat","20:30","sight-test-2","menu-truth","diners","carousel","2","Sight test, round two. The menu says ""ribeye steak, served with sides"", five words doing a lot of heavy lifting.

Picture it, then swipe for the actual board. Be honest about how off you were.","#menva #lahorefood #lahorefoodies #sighttest","Sight test round two: guessing the steak board size from the menu.","","Round two. Guess the board. | The whole board. Called it, or nah?"
"7","7","2026-10-11","Sun","20:30","is-it-worth-the-hype","relatable","diners","single","1","Lahore's national pastime: standing in a queue for two hours, then telling everyone whether it was worth it.

We'd rather you knew before the bill shows up, not after. See the actual plate, then decide: worth it or not?

Hype pe nahi, plate pe faisla karo.","#menva #lahorefood #lahorefoodies #worththehype","Text post: is it worth the hype? Decide before you order.","","""Is it actually worth the hype?"" We'd rather you knew first."
"8","8","2026-10-12","Mon","20:30","queue-culture","relatable","diners","single","1","New place, queue around the block, 45 minutes of waiting, and then everyone decides in 30 seconds because the waiter is standing right there.

The wait was never the problem. The panic order at the table is.

Table milte hi QR scan karo, plate dekho, phir order. Line ka badla aise lo.","#menva #lahorefood #lahorefoodies #lahoreeats","A group chat about waiting in a restaurant queue and then panic-ordering at the table.","","Long queue. Panic order."
"9","9","2026-10-13","Tue","20:30","is-this-real","behind-the-scan","both","single","1","""Is this even real?"" is a fair question when half your feed was never actually cooked.

Every dish here is a scan of a real plate, from a real kitchen, on a day someone actually plated it.

Asli plate, asli size, koi AI nahi, kasam se.","#menva #lahorefood #lahorefoodies #realfood","A real steak sandwich, scanned in 3D, not AI generated.","","""Wait, is this even real?"" Yes. Every pixel."
"10","10","2026-10-14","Wed","20:30","expectation-reality-same","menu-truth","diners","carousel","2","Expectation vs reality, MENVA edition. Twist: it's the same photo.

That's the whole point of a real scan before you order, no gap between the ad and the plate.

Umeed aur haqeeqat, dono aik hi plate.","#menva #lahorefood #lahorefoodies #expectationvsreality","Expectation vs reality: the trio, shown twice, exactly the same both times.","","Expectation. | Reality. Plot twist: also this."
"11","11","2026-10-15","Thu","20:30","dubai-chocolate","relatable","diners","single","1","Every dessert counter in Lahore is suddenly an expert in kunafa chocolate. Some bars are properly thick. Some are... optimistic.

You only find out which one you got after you've already paid and cut into it.

Dessert menus deserve a sight test too. Restaurants: think about letting guests see the actual bar at true size before they order. DM ""PILOT"".

Pehle dekho, phir cut karo.","#menva #lahorefood #lahorefoodies #dubaichocolate","Text post about the Dubai chocolate trend and sight-testing dessert menus.","","Suddenly, everyone sells Dubai chocolate."
"12","12","2026-10-16","Fri","20:30","three-milk-cake","relatable","diners","single","1","Every bakery in Lahore insists theirs is the original three milk cake. Soaked right, glossy, perfect slice, and on the menu they all sound identical.

Next time, see the actual slice on your table before you order it. Let the cake defend itself.

Teen doodh, ek sawal: kitna bara slice milega?","#menva #lahorefood #lahorefoodies #threemilkcake","Text post about the three milk cake trend and bakery claims.","","The ""original"" three milk cake, again?"
"13","13","2026-10-17","Sat","20:30","smash-burger-sizes","menu-truth","diners","single","1","Single, double, triple smash. The menu gives you three words and lets your imagination do the rest.

The size jump between ""double"" and ""triple"" is the one thing you actually want to know before you commit, not after the food coma.

Send this to the friend who always orders triple and never learns.

Double lein ya triple? Dekh ke faisla karo.","#menva #lahorefood #lahorefoodies #smashburger","A joke receipt comparing single, double and triple smash burger regret levels.","","Single, double, triple. Pick your regret level."
"14","14","2026-10-18","Sun","20:30","match-night","relatable","diners","single","1","Match night at a restaurant: every eye is on the screen and the menu is basically decoration.

Order the platter before the toss so nobody's flagging down the waiter during the powerplay. Priorities.

Toss se pehle order, baqi sab match ke baad.","#menva #lahorefood #lahorefoodies #cricket","Text post for Pakistan cricket match nights.","","Order before the toss. Argue after."
"15","15","2026-10-19","Mon","20:30","desi-parents-menu","relatable","diners","single","1","Ammi at home: ""ghar pe khana hai, bahar kyun jana hai.""
Ammi at the table: ""yeh 'aioli' kya hota hai, beta?""

Stop translating the menu word by word. Tap the dish, put it on the table, let her see it herself.

Tag the friend who's the designated menu-translator at every family dinner.","#menva #lahorefood #lahorefoodies #desiparents","A phone notes screenshot about explaining a menu to parents at dinner.","","Things I explained to my parents tonight"
"16","16","2026-10-20","Tue","20:30","dawat-ordering","relatable","diners","single","1","Family dinner out: twelve people, three generations, and one person who's been silently elected to order for the whole table.

Show Nani the plate before it lands and you skip the entire ""yeh kya mangwa liya"" routine.

Tag the one who always orders for the whole table.

Nani ko pehle dikha do. Phir koi shikayat nahi.","#menva #lahorefood #lahorefoodies #familydinner","Text post about ordering for a big family dinner with multiple generations.","","Twelve people, three generations, one designated orderer."
"17","17","2026-10-21","Wed","20:30","tell-me-youre-from-lahore","relatable","diners","single","1","Tell me you're from Lahore without telling me.

We'll go first: you judge a restaurant by the portion before you've even tasted anything.

Your turn, drop yours in the comments.","#menva #lahorefood #lahorefoodies #lahore","Text post: tell me you are from Lahore without telling me.","","Tell me you're from Lahore without telling me."
"18","18","2026-10-22","Thu","20:30","student-budget","menu-truth","diners","single","1","Student budget rule one: you do not gamble the week's food money on a dish you've never seen.

If one dinner is eating half your allowance, at least see exactly what's coming before you commit.

Budget tight hai? Pehle dekh lo, phir kharcha karo.","#menva #lahorefood #lahorefoodies #studentlife","Text post: student budget rule one, see the dish before you spend on it.","","Never pay full price for a surprise."
"19","19","2026-10-23","Fri","20:30","the-table-is-the-photo-spot","see-it-first","diners","single","1","Lahore's got rooftops, neon signs, flower walls, a whole industry built around the photo-worthy spot.

We think the best photo right now is your own table, dish already floating on it before the food's even out of the kitchen.

Place it, screenshot it, post it. Camera pehle khaata hai, this time literally.","#menva #lahorefood #lahorefoodies #foodphotography","A phone showing the green plate placed on a table in AR, before the real dish arrives.","","Forget the rooftop. Table's the spot now."
"20","20","2026-10-24","Sat","20:30","owners-hype-lasts","for-restaurants","restaurants","single","1","Opening week hype fades fast: the queue photos stop, the reels slow down, and by week six your menu is doing the selling on a normal Tuesday night.

Give it the real plate to work with: true-size 3D scans, on every table, every night, not just launch week.

DM ""PILOT"". Lahore pilot: PKR 25,000.","#menva #lahorerestaurants #restaurantmarketing #hospitalitypk","Text post for restaurant owners: opening-week hype fades, but the menu keeps selling.","","Opening week ends. Your menu is what's left."
"21","21","2026-10-25","Sun","20:30","owners-vlogger-proof","for-restaurants","restaurants","single","1","A food vlogger's verdict travels further than anything you post yourself, fair. But they show up once, film for twenty minutes, and leave.

Your guests are there every night, deciding off a menu that's mostly adjectives. Let every one of them run their own sight test: the real dish, true size, before they say yes.

DM ""PILOT"" for the Lahore pilot.","#menva #lahorerestaurants #restaurantmarketing #foodbloggers","Text post for restaurants: let every guest run their own verdict before ordering.","","A vlogger visits once. Your regulars, every week."
"22","22","2026-10-26","Mon","20:30","catchphrase-pehle-dekho","see-it-first","diners","single","1","Our whole pitch fits in four words: pehle dekho, phir order.

See it first. Then order it. Simple enough to tattoo, dramatic enough that we might.

Say it to the one friend who orders on vibes alone.","#menva #lahorefood #lahorefoodies #pehledekho","Text post with the line: pehle dekho, phir order.","","PEHLE DEKHO. PHIR ORDER."
