restaurant,id,name,category,price_pkr,description,is_3d,plate_shape,plate_length_cm,plate_width_cm,ingredients,allergens,halal,spice_level,dietary,calories,protein_g,fat_g,carbs_g,serving_g,confirmed_by,origin,tasting_notes,brew_method,serve
gauchos,steak-main,Premium Ribeye Steak,Signature Cuts,3495,Oakwood-grilled ribeye with supreme marbling. Served with sautéed vegetables and steak fries.,yes,rect,TO_CONFIRM,TO_CONFIRM,TO_CONFIRM,TO_CONFIRM,TO_CONFIRM,0,,,,,,,,,,,
gauchos,steak-sandwich,Signature Steak Sandwich,Sandwiches,1295,"Tender sliced steak layered with fresh greens, house aioli, and artisan bread.",yes,round,TO_CONFIRM,TO_CONFIRM,TO_CONFIRM,TO_CONFIRM,TO_CONFIRM,0,,,,,,,,,,,
gauchos,garlic-prawn-skewers,Smoked Garlic Prawn Skewers,Starters,TO_CONFIRM,Placeholder description — confirm with Abdullah.,yes,round,TO_CONFIRM,TO_CONFIRM,TO_CONFIRM,TO_CONFIRM,TO_CONFIRM,0,,,,,,,,,,,
gauchos,chicken-fajita-wrap,Grilled Chicken Fajita Wrap,Sandwiches,TO_CONFIRM,Placeholder description — confirm with Abdullah.,yes,round,TO_CONFIRM,TO_CONFIRM,TO_CONFIRM,TO_CONFIRM,TO_CONFIRM,0,,,,,,,,,,,
baraza,bz-flat-white,Flat White,Specialty Coffee,649,,no,,,,TO_CONFIRM,TO_CONFIRM,TO_CONFIRM,,,,,,,,,,,,hot
baraza,bz-ethiopian-pour-over,Ethiopian Pour Over,Specialty Coffee,TO_CONFIRM,,no,,,,TO_CONFIRM,TO_CONFIRM,TO_CONFIRM,,,,,,,,,Ethiopia,,Pour over,hot
baraza,bz-cappuccino,Hot Cappuccino,Specialty Coffee,599,,no,,,,TO_CONFIRM,TO_CONFIRM,TO_CONFIRM,,,,,,,,,,,,hot
baraza,bz-hot-latte,Hot Latte,Specialty Coffee,599,,no,,,,TO_CONFIRM,TO_CONFIRM,TO_CONFIRM,,,,,,,,,,,,hot
baraza,bz-v60,Hot V60,Specialty Coffee,1299,,no,,,,TO_CONFIRM,TO_CONFIRM,TO_CONFIRM,,,,,,,,,,,,hot
baraza,bz-cold-brew,Cold Brew,Chillers,1399,Slow-steeped for 24 hours.,no,,,,TO_CONFIRM,TO_CONFIRM,TO_CONFIRM,,,,,,,,,,,Cold brew,iced
baraza,bz-nitro-float,Nitro Float,Chillers,TO_CONFIRM,,no,,,,TO_CONFIRM,TO_CONFIRM,TO_CONFIRM,,,,,,,,,,,,iced
baraza,bz-iced-latte,Iced Latte,Chillers,649,,no,,,,TO_CONFIRM,TO_CONFIRM,TO_CONFIRM,,,,,,,,,,,,iced
baraza,bz-iced-americano,Iced Americano,Chillers,549,,no,,,,TO_CONFIRM,TO_CONFIRM,TO_CONFIRM,,,,,,,,,,,,iced
baraza,bz-iced-matcha,Classic Iced Matcha,Chillers,849,,no,,,,TO_CONFIRM,TO_CONFIRM,TO_CONFIRM,,,,,,,,,,,,iced
baraza,bz-english-breakfast,English Breakfast,Brunch,TO_CONFIRM,,no,,,,TO_CONFIRM,TO_CONFIRM,TO_CONFIRM,,,,,,,,,,,,
baraza,bz-signature-omelet,Baraza Signature Omelet,Brunch,1499,,no,,,,TO_CONFIRM,TO_CONFIRM,TO_CONFIRM,,,,,,,,,,,,
baraza,bz-shakshuka,Shakshuka,Brunch,1499,,no,,,,TO_CONFIRM,TO_CONFIRM,TO_CONFIRM,,,,,,,,,,,,
baraza,bz-ricotta-pancake,Lotus Ricotta Pancake,Brunch,1199,,no,,,,TO_CONFIRM,TO_CONFIRM,TO_CONFIRM,,,,,,,,,,,,
baraza,bz-chicken-pizza,Chicken Pizza,Kitchen,TO_CONFIRM,,yes,rect,50,,TO_CONFIRM,TO_CONFIRM,TO_CONFIRM,,,,,,,,,,,,
baraza,bz-avocado-toast,Smashed Avocado Toast,Kitchen,TO_CONFIRM,,no,,,,TO_CONFIRM,TO_CONFIRM,TO_CONFIRM,,,,,,,,,,,,
baraza,bz-chargrilled-chicken-burger,Chargrilled Chicken Burger,Kitchen,1299,,no,,,,TO_CONFIRM,TO_CONFIRM,TO_CONFIRM,,,,,,,,,,,,
baraza,bz-club-sandwich,Classic Club Sandwich,Kitchen,1499,,no,,,,TO_CONFIRM,TO_CONFIRM,TO_CONFIRM,,,,,,,,,,,,
baraza,bz-parmesan-chicken,Crispy Parmesan Chicken,Kitchen,1699,,no,,,,TO_CONFIRM,TO_CONFIRM,TO_CONFIRM,,,,,,,,,,,,
baraza,bz-nyc-cheesecake,New York Cheese Cake,Sweet Side,549,,no,,,,TO_CONFIRM,TO_CONFIRM,TO_CONFIRM,,,,,,,,,,,,
baraza,bz-burnt-cheesecake,Burnt Cheesecake,Sweet Side,799,,no,,,,TO_CONFIRM,TO_CONFIRM,TO_CONFIRM,,,,,,,,,,,,
baraza,bz-nutella-croissant,Nutella Croissant,Sweet Side,750,,no,,,,TO_CONFIRM,TO_CONFIRM,TO_CONFIRM,,,,,,,,,,,,
haute-dolci,hd-san-sebastian,San Sebastián Cheesecake,Signatures,1999,"Creamy Basque cheesecake baked to perfection with a caramelised top, served with smooth Belgian milk chocolate.",yes,round,TO_CONFIRM,,TO_CONFIRM,TO_CONFIRM,yes,,,,,,,,,,,,
haute-dolci,hd-matilda-cake,Matilda Cake,Signatures,1750,"Layers of moist chocolate sponge cake generously covered in velvety chocolate frosting, topped with chocolate shavings and a drizzle of fudge sauce.",yes,round,TO_CONFIRM,,TO_CONFIRM,TO_CONFIRM,yes,,,,,,,,,,,,
haute-dolci,hd-cookie-dough,Cookie Dough,Signatures,TO_CONFIRM,,yes,round,TO_CONFIRM,,TO_CONFIRM,TO_CONFIRM,yes,,,,,,,,,,,,
haute-dolci,hd-belgian-chocolate-milk-cake,Belgian Chocolate Milk Cake,Cakes,1500,Decadent chocolate hazelnut cake layered with creamy Nutella filling and topped with roasted nuts.,no,,,,TO_CONFIRM,TO_CONFIRM,yes,,,,,,,,,,,,
haute-dolci,hd-nyc-cheesecake,Cheese Cake,Cakes,1999,"Rich and creamy cheesecake with a buttery graham cracker crust, a smooth cream cheese filling and a hint of vanilla.",no,,,,TO_CONFIRM,TO_CONFIRM,yes,,,,,,,,,,,,
haute-dolci,hd-rainbow-macarons,Rainbow Vanilla Macarons,Cakes,1000,Vibrant coloured macaron shells with smooth almond meringue bases and creamy vanilla filling.,no,,,,TO_CONFIRM,TO_CONFIRM,yes,,,,,,,,,,,,
haute-dolci,hd-nuts-about-nutella,Nuts About Nutella,Cakes,1500,Soaked sponge with Nutella cream and toasted hazelnuts.,no,,,,TO_CONFIRM,TO_CONFIRM,yes,,,,,,,,,,,,
haute-dolci,hd-pistachio-paradise,Pistachio Paradise,Cakes,1500,Pistachio milk soak with rosewater cream and crushed pistachios.,no,,,,TO_CONFIRM,TO_CONFIRM,yes,,,,,,,,,,,,
haute-dolci,hd-lotus-milk-cake,Lotus Milk Cake,Cakes,1500,Milk-soaked cake topped with a velvety Lotus cream and crunchy Biscoff crumble.,no,,,,TO_CONFIRM,TO_CONFIRM,yes,,,,,,,,,,,,
haute-dolci,hd-pistachio-san-sebastian,Pistachio San Sebastian Cheese Cake,Signature Collection,2250,"Classic Basque cheesecake with a light, creamy texture, served with pistachio sauce.",no,,,,TO_CONFIRM,TO_CONFIRM,yes,,,,,,,,,,,,
haute-dolci,hd-eggs-benedict,Eggs Benedict,All Day Breakfast,1950,"Perfectly poached eggs, Turkey bacon and creamy hollandaise sauce on a toasted bun, served with HD hash brown and country bread.",no,,,,TO_CONFIRM,TO_CONFIRM,yes,,,,,,,,,,,,
haute-dolci,hd-spicy-hash,Spicy Hash,All Day Breakfast,1399,"Crispy hash browns, fried eggs, carrot chips and fiery hollandaise sauce, served with a side of country bread.",no,,,,TO_CONFIRM,TO_CONFIRM,yes,,,,,,,,,,,,
haute-dolci,hd-shakshuka,Shakshuka,All Day Breakfast,1750,"Poached eggs in a slow-cooked tomato and pepper sauce with feta, served with warm sourdough.",no,,,,TO_CONFIRM,TO_CONFIRM,yes,,,,,,,,,,,,
haute-dolci,hd-spanish-omelette,Spanish Omelette,All Day Breakfast,950,"Fluffy stuffed omelette with grilled onion, green chillies, sun-dried tomatoes, mozzarella and feta, served with crispy HD hash browns and country bread.",no,,,,TO_CONFIRM,TO_CONFIRM,yes,,,,,,,,,,,,
haute-dolci,hd-mapple-french-toast,Grandma's Mapple French Toast,French Toast,1500,"Golden brioche French toast topped with fresh berries, whipped cream and maple syrup.",no,,,,TO_CONFIRM,TO_CONFIRM,yes,,,,,,,,,,,,
haute-dolci,hd-lotus-french-toast,French Lotus Biscoff French Toast,French Toast,1500,Brioche soaked in custard with caramelised Lotus Biscoff spread and whipped cream.,no,,,,TO_CONFIRM,TO_CONFIRM,yes,,,,,,,,,,,,
haute-dolci,hd-mapple-pancakes,Grandma's Mapple Pancakes,Pancakes,1500,"Stack of fluffy golden pancakes served with fresh berries, whipped cream and maple syrup.",no,,,,TO_CONFIRM,TO_CONFIRM,yes,,,,,,,,,,,,
haute-dolci,hd-pistachio-stack-pancakes,Pistachio Stack Pancakes,Pancakes,1750,"Pancake stack with pistachio spread, drizzled honey and crisp edges.",no,,,,TO_CONFIRM,TO_CONFIRM,yes,,,,,,,,,,,,
haute-dolci,hd-offer-she-cant-refuse,An Offer She Can't Refuse,Waffles,2250,"Golden waffle topped with fresh whipped cream, chocolate drizzle and a choice of toppings.",no,,,,TO_CONFIRM,TO_CONFIRM,yes,,,,,,,,,,,,
haute-dolci,hd-nutterly-delicious,Nutterly Delicious,Waffles,1500,"Fluffy golden waffle topped with roasted nuts, caramel drizzle and whipped cream.",no,,,,TO_CONFIRM,TO_CONFIRM,yes,,,,,,,,,,,,
haute-dolci,hd-mapple-crepes,Grandma's Mapple French Crêpes,French Crêpes,1750,"Folded crêpe with pistachio cream, rose honey and crushed pistachios.",no,,,,TO_CONFIRM,TO_CONFIRM,yes,,,,,,,,,,,,
haute-dolci,hd-belgian-chocolate-crepes,Belgian Chocolate Crêpes,French Crêpes,1750,"French crêpe decorated with strawberries, Belgian milk chocolate, chocolate curls and a scoop of gelato.",no,,,,TO_CONFIRM,TO_CONFIRM,yes,,,,,,,,,,,,
haute-dolci,hd-tiramisu,Tiramisu,Classic Collection,1299,Italian-style layered espresso-dipped ladyfingers and mascarpone cream.,no,,,,TO_CONFIRM,TO_CONFIRM,yes,,,,,,,,,,,,
haute-dolci,hd-rocky-fudge-brownie,Rocky Fudge Brownie,Classic Collection,1750,"Fudge brownie with honeycomb chunks and milk chocolate, paired with a scoop of gelato.",no,,,,TO_CONFIRM,TO_CONFIRM,yes,,,,,,,,,,,,
haute-dolci,hd-sticky-toffee-pudding,Sticky Toffee Pudding,Classic Collection,1500,Baked British sponge cake with dates and a rich toffee sauce.,no,,,,TO_CONFIRM,TO_CONFIRM,yes,,,,,,,,,,,,
haute-dolci,hd-espresso,Espresso,Coffee & Hot Beverages,900,,no,,,,TO_CONFIRM,TO_CONFIRM,yes,,,,,,,,,,,,hot
haute-dolci,hd-hot-americano,Hot Americano,Coffee & Hot Beverages,900,,no,,,,TO_CONFIRM,TO_CONFIRM,yes,,,,,,,,,,,,hot
haute-dolci,hd-cold-americano,Cold Americano,Coffee & Hot Beverages,900,,no,,,,TO_CONFIRM,TO_CONFIRM,yes,,,,,,,,,,,,iced
haute-dolci,hd-flat-white,Flat White,Coffee & Hot Beverages,1350,,no,,,,TO_CONFIRM,TO_CONFIRM,yes,,,,,,,,,,,,hot
haute-dolci,hd-cappuccino,Cappuccino,Coffee & Hot Beverages,1150,,no,,,,TO_CONFIRM,TO_CONFIRM,yes,,,,,,,,,,,,hot
haute-dolci,hd-cafe-latte-hot,Hot Cafe Latte,Coffee & Hot Beverages,1250,,no,,,,TO_CONFIRM,TO_CONFIRM,yes,,,,,,,,,,,,hot
haute-dolci,hd-cookie-blast-shake,Cookie Blast Milkshake,Milkshakes,1350,Vanilla ice cream milkshake blended with crushed cookies.,no,,,,TO_CONFIRM,TO_CONFIRM,yes,,,,,,,,,,,,
haute-dolci,hd-lotus-biscoff-shake,Lotus Biscoff Milkshake,Milkshakes,1500,Vanilla ice cream blended with Lotus Biscoff and a hint of spice.,no,,,,TO_CONFIRM,TO_CONFIRM,yes,,,,,,,,,,,,
haute-dolci,hd-belgian-chocolate-shake,Belgian Chocolate Shake,Milkshakes,1800,"Chocolate Belgian-waffle pieces blended with creamy vanilla ice cream, topped with whipped cream and chocolate drizzle.",no,,,,TO_CONFIRM,TO_CONFIRM,yes,,,,,,,,,,,,
haute-dolci,hd-strawberry-mojito,Strawberry Mojito,Mocktails,1200,"Muddled strawberry, lime and mint over ice.",no,,,,TO_CONFIRM,TO_CONFIRM,yes,,,,,,,,,,,,
haute-dolci,hd-blue-lagoon,Blue Lagoon,Mocktails,1200,"Blue curaçao syrup, fresh lemonade and coconut cream, garnished with lime.",no,,,,TO_CONFIRM,TO_CONFIRM,yes,,,,,,,,,,,,
